{
  "app_name": "Chess",
  "cancel": "cancel",
  "choose_promotion": "choose promotion",
  "checkmate": "checkmate",
  "draw": "draw",
  "error": "error",
  "draw_desc": "The game finished with a draw!",
  "replay": "replay",
  "ok": "ok",
  "white": "white",
  "black": "black",
  "check_mate_desc": "${loser} is in checkmate. ${winner} won.",
  "turn_of_x": "${turn}'s turn",
  "replay_desc": "Are you sure to restart the game and reset the board?",
  "undo_impossible": "can't perform undo",
  "undo": "undo",
  "choose_style": "change board style",
  "bot_on": "bot on",
  "bot_off": "bot off",
  "moves_done": "${progress} boards processed",
  "difficulty": "depth",
  "difficulties": "auto,2,3,4,5",
  "fen_options": "to clipboard,from clipboard",
  "bot_vs_bot": "bot vs. bot",
  "copy_fen": "copy fen",
  "privacy_url": "https://l-chess.flycricket.io/privacy.html",
  "terms_url": "https://l-chess.flycricket.io/terms.html",
  "privacy_title": "privacy policy",
  "loading_moves_web": "..",
  "online_game_options": "online game",
  "join_code": "join game",
  "create_code": "create game",
  "local": "[local game]",
  "warning": "warning!",
  "game_reset_join_code_warning": "By creating a new game code, you will reset your local board and leave a running online game. A friend can join your game via the generated code. The creator of the game is always white.",
  "proceed": "proceed",
  "leave_online_game": "leave game",
  "enter_game_id": "enter a game id",
  "game_id_not_found": "game id not found",
  "game_id_ex": "ex.: KDFGHQ",
  "join": "join",
  "deleting_as_host_info": "Since you are hosting the game, leaving it means deleting it.",
  "switch_colors": "turn board",
  "availability_other_devices": "platforms",
  "android": "android",
  "web": "web",
  "website_url": "https://chess-45a81.web.app/#/",
  "playstore_url": "https://play.google.com/store/apps/details?id=com.lurzapps.chess"
}