{
  "app_name": "Schach",
  "cancel": "schließen",
  "choose_promotion": "Umwandlung wählen",
  "checkmate": "Schachmatt",
  "draw": "Unentschieden",
  "error": "Fehler",
  "draw_desc": "Das Spiel wurde mit einem Unentschieden beendet!",
  "replay": "neu spielen",
  "ok": "ok",
  "white": "weiß",
  "black": "schwarz",
  "check_mate_desc": "${loser} ist Schachmatt. ${winner} hat gewonnen.",
  "turn_of_x": "${turn} ist am Zug",
  "replay_desc": "Bist du dir sicher, dass du das Spiel neustarten willst?",
  "undo_impossible": "Zug kann nicht rückgänig gemacht werden",
  "undo": "rückgängig",
  "choose_style": "Brett-Stil ändern",
  "bot_on": "bot an",
  "bot_off": "bot aus",
  "legal": "von Lurzapps",
  "moves_done": "${progress} Bretter verarbeitet",
  "difficulty": "Tiefe",
  "difficulties": "auto,2,3,4,5",
  "fen_options": "in Zwischenablage,aus Zwischenablage",
  "bot_vs_bot": "bot vs. bot",
  "copy_fen": "fen kopieren",
  "loading_moves_web": "lädt Züge...",
  "online_game_options": "online-Spiel",
  "join_code": "Spiel beitreten",
  "create_code": "Spiel erstellen",
  "local": "[lokales Spiel]",
  "warning": "Warnung!",
  "game_reset_join_code_warning": "Durch diese Aktion wird ein neues Spiel erstellt, über das einer deiner Freunde über einen generierten code beitreten kann. Dabei werden alle lokalen Spiele zurückgesetzt und die Verbindung zu einem laufenden anderen Spiele-Code getrennt. Der Ersteller des Spiels ist immer weiß",
  "proceed": "fortfahren",
  "leave_online_game": "Spiel verlassen",
  "enter_game_id": "Spiele-Code eingeben",
  "game_id_not_found": "Spiele-Code wurde nicht gefunden",
  "game_id_ex": "z.B.: KDFGHQ",
  "join": "beitreten",
  "deleting_as_host_info": "Dadurch wird das gesamte Spiel gelöscht, da du der Host bist.",
  "switch_colors": "brett drehen",
  "availability_other_devices": "Plattformen"
}